alignment_improvement,alignment_p_value,frobenius,graph_id,hub_overlap,hub_overlap_null_mean,hub_overlap_p_value,l1,model,random_l1_mean
0.04826704999213332,0.000999000999000999,2.2930004596710205,0,0.1,0.1121,0.7262737262737263,0.020322848111391068,gin,0.021353519504889847
0.011111264343110775,0.059940059940059943,2.365877151489258,1,0.4,0.10980000000000001,0.00999000999000999,0.021006688475608826,gin,0.0212427219748497
0.05075004511857881,0.000999000999000999,2.3019347190856934,2,0.1,0.10990000000000001,0.7212787212787213,0.020185351371765137,gin,0.021264527080580593
-0.03938093734345027,1.0,2.4209625720977783,3,0.0,0.11380000000000001,1.0,0.021944211795926094,gin,0.02111277108080685
-0.03356867790294244,1.0,2.401369571685791,4,0.0,0.11110000000000002,1.0,0.02195342630147934,gin,0.021240413695573807
0.04591710858049028,0.000999000999000999,2.296429395675659,5,0.1,0.11350000000000002,0.7292707292707292,0.020120197907090187,gin,0.021088521854951976
0.05131891694280982,0.000999000999000999,2.276235580444336,6,0.2,0.11120000000000002,0.3016983016983017,0.02022484689950943,gin,0.021318910285830498
0.0425394914791271,0.000999000999000999,2.293477773666382,7,0.2,0.11090000000000001,0.3116883116883117,0.020417626947164536,gin,0.021324771899729967
-0.02115729750008416,1.0,2.4251441955566406,8,0.0,0.1071,1.0,0.02188686467707157,gin,0.021433392025530337
-0.02582008824782127,1.0,2.4018845558166504,9,0.0,0.10940000000000001,1.0,0.021883320063352585,gin,0.021332512702792884
-0.03563610312195742,1.0,2.4460723400115967,10,0.0,0.11080000000000001,1.0,0.02202928066253662,gin,0.021271255990490318
0.05078500809034591,0.000999000999000999,2.2806386947631836,11,0.6,0.1111,0.000999000999000999,0.020145472139120102,gin,0.021223297473043204
0.05149616276228158,0.000999000999000999,2.2678661346435547,12,0.6,0.10750000000000001,0.000999000999000999,0.020005814731121063,gin,0.021091970264911653
-0.0370363152469235,1.0,2.4348971843719482,13,0.0,0.10930000000000001,1.0,0.022015191614627838,gin,0.021228949546813966
-0.042551408183756,1.0,2.4468860626220703,14,0.0,0.1124,1.0,0.022284146398305893,gin,0.02137462596409023
-0.02650948968877894,1.0,2.426940441131592,15,0.0,0.1131,1.0,0.021665748208761215,gin,0.021106232749298216
-0.025114637324545035,0.998001998001998,2.404668092727661,16,0.0,0.11470000000000001,1.0,0.021853651851415634,gin,0.021318251691758633
-0.040684304937813096,1.0,2.434420585632324,17,0.0,0.11280000000000001,1.0,0.022206228226423264,gin,0.021338102363049984
-0.03788991655203474,1.0,2.4249370098114014,18,0.0,0.11380000000000001,1.0,0.02197795920073986,gin,0.02117561684548855
-0.039176622573837055,1.0,2.430089235305786,19,0.0,0.1101,1.0,0.02207762561738491,gin,0.02124530627205968
0.039107598474915996,0.000999000999000999,2.324526071548462,20,0.1,0.11090000000000001,0.7272727272727273,0.020546909421682358,gin,0.02138315319083631
-0.01256691480577623,0.9590409590409591,2.3919103145599365,21,0.2,0.10940000000000001,0.2967032967032967,0.02160150371491909,gin,0.02133340858668089
-0.021558860418918257,1.0,2.4270923137664795,22,0.0,0.1082,1.0,0.021656552329659462,gin,0.021199514945968986
-0.01681083520463526,0.993006993006993,2.4137003421783447,23,0.0,0.108,1.0,0.02159135974943638,gin,0.021234391886740922
0.05209597684327473,0.000999000999000999,2.268239974975586,24,0.4,0.1129,0.01898101898101898,0.02010636404156685,gin,0.021211392240598797
-0.025467086555916268,1.0,2.4249746799468994,25,0.0,0.1149,1.0,0.021754609420895576,gin,0.021214341938495637
0.020687275187546768,0.000999000999000999,2.340799331665039,26,0.0,0.1143,1.0,0.02075825072824955,gin,0.021196753807365895
0.04348542177810566,0.000999000999000999,2.300154685974121,27,0.3,0.10980000000000001,0.07992007992007992,0.020235762000083923,gin,0.021155727744102477
0.04746645805085013,0.000999000999000999,2.294541835784912,28,0.4,0.10880000000000001,0.012987012987012988,0.020274890586733818,gin,0.021285224817693234
-0.026356682498092237,1.0,2.4332809448242188,29,0.0,0.10570000000000002,1.0,0.021829072386026382,gin,0.02126850514858961
0.019992829865851592,0.002997002997002997,2.362722158432007,30,0.5,0.11520000000000001,0.003996003996003996,0.020960241556167603,gin,0.021387845104560255
-0.033383815684534086,1.0,2.4115779399871826,31,0.0,0.10880000000000001,1.0,0.021886209025979042,gin,0.021179167598485947
0.018429946453948107,0.005994005994005994,2.3541672229766846,32,0.3,0.11420000000000002,0.08791208791208792,0.020894479006528854,gin,0.02128679347038269
-0.0018179884710047699,0.5994005994005994,2.3832106590270996,33,0.2,0.10490000000000001,0.2867132867132867,0.021243080496788025,gin,0.021204530904069544
0.04833523147461416,0.000999000999000999,2.281362533569336,34,0.3,0.10830000000000001,0.06893106893106893,0.020258190110325813,gin,0.021287107372656464
-0.025874205609627693,1.0,2.4227731227874756,35,0.1,0.1126,0.7282717282717283,0.021657664328813553,gin,0.021111423028633
-0.007046077758446225,0.8431568431568431,2.3970694541931152,36,0.0,0.1153,1.0,0.021599655970931053,gin,0.021448527975007892
-0.022814344385661413,1.0,2.424495220184326,37,0.2,0.1155,0.32867132867132864,0.021595723927021027,gin,0.021114021372050047
-0.03665472937555789,1.0,2.4421534538269043,38,0.0,0.11470000000000001,1.0,0.02220664732158184,gin,0.02142144987359643
-0.01557559587613326,0.989010989010989,2.4155113697052,39,0.1,0.11600000000000002,0.7262737262737263,0.021569015458226204,gin,0.0212382175642997
-0.03411065586738016,1.0,2.435694932937622,40,0.0,0.10540000000000001,1.0,0.02193947695195675,gin,0.021215792359784245
0.027279655165959222,0.000999000999000999,2.3301501274108887,41,0.2,0.11520000000000001,0.32867132867132864,0.020636985078454018,gin,0.02121574323810637
0.017044902610399138,0.005994005994005994,2.346494674682617,42,0.5,0.10430000000000002,0.001998001998001998,0.021031657233834267,gin,0.021396356038749217
-0.04087032820855397,1.0,2.4405932426452637,43,0.0,0.10970000000000002,1.0,0.02207661047577858,gin,0.02120976059883833
-0.01920678713654051,0.996003996003996,2.416144609451294,44,0.0,0.114,1.0,0.0215249415487051,gin,0.021119307504966853
0.003187767014039702,0.34265734265734266,2.3710529804229736,45,0.0,0.11080000000000001,1.0,0.02124531753361225,gin,0.021313259238377215
0.03848684146730392,0.000999000999000999,2.304455518722534,46,0.2,0.11180000000000001,0.30569430569430567,0.020627187564969063,gin,0.021452839601784946
-0.0188184079398932,0.997002997002997,2.4284586906433105,47,0.0,0.10990000000000001,1.0,0.0217868834733963,gin,0.021384461944922804
-0.018309206978411218,0.99000999000999,2.4206740856170654,48,0.0,0.1134,1.0,0.021686501801013947,gin,0.021296578340232374
-0.027907356444736006,1.0,2.424849033355713,49,0.0,0.10460000000000001,1.0,0.02193284034729004,gin,0.021337370736524464
0.017536531161986047,0.006993006993006993,2.3491625785827637,50,0.3,0.10990000000000001,0.06693306693306693,0.02093813754618168,gin,0.021311873886734247
-0.022401063322919045,0.997002997002997,2.4170188903808594,51,0.0,0.10990000000000001,1.0,0.021735167130827904,gin,0.021258944176137447
-0.02176621166158062,0.999000999000999,2.4005918502807617,52,0.0,0.11210000000000002,1.0,0.021609870716929436,gin,0.02114952566474676
0.050867072468696005,0.000999000999000999,2.289078950881958,53,0.0,0.10970000000000002,1.0,0.020101411268115044,gin,0.02117871025763452
0.039948838930770135,0.000999000999000999,2.32177472114563,54,0.2,0.10690000000000001,0.3026973026973027,0.020410850644111633,gin,0.021260169740766287
-0.03410535383547243,1.0,2.4325125217437744,55,0.0,0.10870000000000002,1.0,0.021939652040600777,gin,0.02121607045084238
0.016615106004637697,0.012987012987012988,2.354731321334839,56,0.1,0.10930000000000001,0.6923076923076923,0.020797859877347946,gin,0.021149257024750113
0.038588502452831526,0.000999000999000999,2.311868906021118,57,0.7,0.10800000000000001,0.000999000999000999,0.020514236763119698,gin,0.021337623707950115
-0.02345672882268991,1.0,2.4291436672210693,58,0.1,0.1114,0.7062937062937062,0.021837009117007256,gin,0.021336524058133365
0.004577160008114892,0.26073926073926074,2.372765064239502,59,0.1,0.11370000000000002,0.7312687312687313,0.021218568086624146,gin,0.02131613544933498
0.03262691018368145,0.000999000999000999,2.3251636028289795,60,0.0,0.1126,1.0,0.02060135081410408,gin,0.0212961793448776
-0.03713500025579571,1.0,2.4212749004364014,61,0.0,0.1139,1.0,0.022082218900322914,gin,0.021291556928306817
-0.020597532006718773,0.998001998001998,2.4259274005889893,62,0.0,0.11080000000000001,1.0,0.021825920790433884,gin,0.02138543363660574
0.00022897862489949477,0.4905094905094905,2.38466215133667,63,0.3,0.10679999999999999,0.07592407592407592,0.02118249423801899,gin,0.021187345687299967
0.033942521525913705,0.000999000999000999,2.307389497756958,64,0.0,0.10970000000000002,1.0,0.02040402963757515,gin,0.021120927162468432
0.04575513864384904,0.000999000999000999,2.2969048023223877,65,0.6,0.1065,0.000999000999000999,0.02039966732263565,gin,0.021377812078222633
-0.025689103774611612,1.0,2.4374818801879883,66,0.0,0.11020000000000002,1.0,0.021876581013202667,gin,0.02132866668142378
0.029150504011338778,0.000999000999000999,2.3101842403411865,67,0.2,0.11230000000000001,0.3156843156843157,0.020674139261245728,gin,0.021294896218925715
-0.013765365695136537,0.971028971028971,2.4143991470336914,68,0.0,0.1095,1.0,0.021588781848549843,gin,0.02129563958197832
0.011637620782290331,0.059940059940059943,2.3569204807281494,69,0.3,0.11500000000000002,0.0899100899100899,0.020845338702201843,gin,0.02109078526310623
0.033646610339384195,0.000999000999000999,2.316274404525757,70,0.3,0.1082,0.07792207792207792,0.020564598962664604,gin,0.0212806196808815
-0.028130793500155994,1.0,2.4383482933044434,71,0.0,0.1144,1.0,0.021916424855589867,gin,0.02131676727719605
0.03240810192750464,0.000999000999000999,2.317939519882202,72,0.5,0.11470000000000001,0.001998001998001998,0.020465129986405373,gin,0.021150580143556
-0.009540206571183669,0.9170829170829171,2.4091310501098633,73,0.0,0.11410000000000001,1.0,0.021332450211048126,gin,0.021130857465788723
-0.03034349891214987,1.0,2.4387028217315674,74,0.0,0.10760000000000002,1.0,0.02191082574427128,gin,0.021265554416924716
0.015241349893678929,0.02097902097902098,2.3434834480285645,75,0.0,0.1119,1.0,0.020926423370838165,gin,0.02125030673108995
0.025758730882469563,0.001998001998001998,2.3254318237304688,76,0.2,0.1092,0.3006993006993007,0.020824000239372253,gin,0.02137458235397935
-0.008530045477785658,0.8791208791208791,2.401172399520874,77,0.0,0.11300000000000002,1.0,0.02135263755917549,gin,0.021172039102762937
-0.02683482221133654,1.0,2.4209132194519043,78,0.0,0.1086,1.0,0.0219814982265234,gin,0.02140704400651157
-0.024421138620922985,0.999000999000999,2.423360586166382,79,0.0,0.1101,1.0,0.021724456921219826,gin,0.021206568375229835
0.03658264282993614,0.000999000999000999,2.3146069049835205,80,0.2,0.10640000000000001,0.2977022977022977,0.020359385758638382,gin,0.021132467260584237
-0.04008681237776236,1.0,2.435023784637451,81,0.0,0.11040000000000001,1.0,0.022208716720342636,gin,0.021352752920240164
0.025893691873252796,0.000999000999000999,2.343808650970459,82,0.4,0.1139,0.012987012987012988,0.020793968811631203,gin,0.021346714047715067
-0.002477484511346577,0.6233766233766234,2.3965461254119873,83,0.2,0.10540000000000001,0.28771228771228774,0.021340200677514076,gin,0.021287461321800948
-0.0400977745248744,1.0,2.4336471557617188,84,0.0,0.10570000000000002,1.0,0.022079091519117355,gin,0.021227899972349404
-0.01885118733985133,0.993006993006993,2.41511869430542,85,0.0,0.1134,1.0,0.02174115739762783,gin,0.021338893910869957
0.044975165701764803,0.000999000999000999,2.288473606109619,86,0.1,0.11200000000000002,0.7192807192807192,0.020084409043192863,gin,0.02103024792857468
-0.018241963185843077,1.0,2.404097080230713,87,0.1,0.10620000000000002,0.6963036963036963,0.021799540147185326,gin,0.021408997993916275
0.015013437032254289,0.01898101898101898,2.345867395401001,88,0.0,0.114,1.0,0.020907146856188774,gin,0.021225819358602165
-0.02634841767563766,1.0,2.3989834785461426,89,0.1,0.11020000000000002,0.7112887112887113,0.021918470039963722,gin,0.021355779053643345
-0.02581041531419638,1.0,2.4292964935302734,90,0.0,0.114,1.0,0.02174905687570572,gin,0.021201828867197035
-0.005602794815836452,0.7722277722277723,2.4003496170043945,91,0.4,0.11510000000000001,0.023976023976023976,0.02145657315850258,gin,0.021337026178836822
-0.01787655488852499,0.993006993006993,2.4291839599609375,92,0.0,0.10980000000000001,1.0,0.021751876920461655,gin,0.021369857490062715
0.05063417240042848,0.000999000999000999,2.282794237136841,93,0.4,0.1072,0.011988011988011988,0.020246120169758797,gin,0.021325941571965813
-0.02004189082950482,0.997002997002997,2.42452073097229,94,0.0,0.1124,1.0,0.021677477285265923,gin,0.021251555921509863
-0.013212506993914123,0.977022977022977,2.368377923965454,95,0.0,0.11280000000000001,1.0,0.02158413454890251,gin,0.021302672835066913
-0.0263565188185958,1.0,2.43015193939209,96,0.0,0.11060000000000002,1.0,0.02184060402214527,gin,0.021279744047671557
0.04314161894366839,0.000999000999000999,2.2939493656158447,97,0.3,0.1073,0.06493506493506493,0.020351655781269073,gin,0.021269245464354755
0.03477984540045745,0.000999000999000999,2.3150954246520996,98,0.3,0.11000000000000001,0.06693306693306693,0.020444314926862717,gin,0.021180986357852816
0.03913668227132267,0.000999000999000999,2.3005423545837402,99,0.3,0.10670000000000002,0.07092907092907093,0.020358508452773094,gin,0.02118772574327886
0.04914770193226957,0.000999000999000999,2.2787821292877197,100,0.5,0.11309999999999999,0.001998001998001998,0.020260039716959,gin,0.02130724168010056
0.035759437737841605,0.000999000999000999,2.3166770935058594,101,0.3,0.10700000000000001,0.08491508491508491,0.020598800852894783,gin,0.021362719697877765
-0.03260118314499651,1.0,2.4390950202941895,102,0.0,0.11209999999999999,1.0,0.021968431770801544,gin,0.02127484660036862
0.029550636802104804,0.000999000999000999,2.314488410949707,103,0.3,0.10880000000000001,0.07992007992007992,0.020590482279658318,gin,0.021217472091317177
-0.04513352151877,1.0,2.4591095447540283,104,0.0,0.11760000000000001,1.0,0.022540738806128502,gin,0.021567329285666348
-0.02601463527496731,1.0,2.4346861839294434,105,0.0,0.105,1.0,0.022150028496980667,gin,0.021588413786143065
-0.017388649068012567,0.994005994005994,2.4195048809051514,106,0.0,0.1115,1.0,0.021913662552833557,gin,0.021539126245304942
0.05402518067389681,0.000999000999000999,2.287961959838867,107,0.2,0.11600000000000002,0.33166833166833165,0.020559024065732956,gin,0.021733162073418497
0.031489043279270205,0.000999000999000999,2.3297030925750732,108,0.0,0.11530000000000001,1.0,0.020808259025216103,gin,0.021484794653952123
-0.01939883131733834,0.999000999000999,2.4341928958892822,109,0.0,0.11000000000000001,1.0,0.02186930738389492,gin,0.021453141510486603
-0.032866206812018,1.0,2.430208683013916,110,0.0,0.11420000000000002,1.0,0.02217681147158146,gin,0.02147113665379584
0.02134087579477658,0.000999000999000999,2.3566184043884277,111,0.0,0.113,1.0,0.021278439089655876,gin,0.021742441840469837
0.04451939051307633,0.000999000999000999,2.2941954135894775,112,0.5,0.11309999999999999,0.001998001998001998,0.020696599036455154,gin,0.021660930458456278
-0.006388367186153674,0.8101898101898102,2.403066635131836,113,0.3,0.1149,0.08191808191808192,0.0217935498803854,gin,0.021655208457261325
-0.03506088911774975,1.0,2.4504406452178955,114,0.0,0.1135,1.0,0.022381283342838287,gin,0.021623156258836387
0.006864334636875127,0.15684315684315683,2.3691630363464355,115,0.0,0.1091,1.0,0.0214280653744936,gin,0.021576171435415743
-0.018898613291331242,0.997002997002997,2.4281671047210693,116,0.0,0.10650000000000001,1.0,0.021923407912254333,gin,0.021516770781949163
-0.036731714475358716,1.0,2.4263391494750977,117,0.0,0.112,1.0,0.022325266152620316,gin,0.0215342753008008
-0.0018295926392044711,0.6113886113886113,2.411980390548706,118,0.5,0.1073,0.001998001998001998,0.021668074652552605,gin,0.02162850330211222
-0.028252238337090774,1.0,2.442103862762451,119,0.0,0.11350000000000002,1.0,0.02223636768758297,gin,0.021625401685014367
0.03244632376214306,0.000999000999000999,2.328564405441284,120,0.1,0.1119,0.7132867132867133,0.020820455625653267,gin,0.02151865693554282
-0.03815255448590573,1.0,2.44592547416687,121,0.0,0.11130000000000001,1.0,0.022251609712839127,gin,0.021433853451162575
-0.03886303258683128,1.0,2.431699752807617,122,0.0,0.10510000000000001,1.0,0.022336913272738457,gin,0.021501307267695665
0.05097974926410533,0.000999000999000999,2.283299207687378,123,0.3,0.1086,0.07692307692307693,0.020566126331686974,gin,0.021670903561636805
-0.008119912263016142,0.8811188811188811,2.4146807193756104,124,0.0,0.1067,1.0,0.021943125873804092,gin,0.021766384739428758
-0.01176074518236433,0.9440559440559441,2.4256296157836914,125,0.1,0.11560000000000001,0.7352647352647352,0.021968979388475418,gin,0.021713611140847206
0.040416708346215434,0.000999000999000999,2.306429862976074,126,0.3,0.1096,0.08191808191808192,0.02078932709991932,gin,0.02166495319455862
-0.035777772980575884,1.0,2.4265854358673096,127,0.0,0.1125,1.0,0.022144274786114693,gin,0.021379368590191006
-0.029162595285998107,1.0,2.441422462463379,128,0.0,0.11660000000000001,1.0,0.022212618961930275,gin,0.021583196924999357
0.03574010270830408,0.000999000999000999,2.31980562210083,129,0.0,0.1126,1.0,0.020761780440807343,gin,0.02153131173364818
-0.02456817632733233,1.0,2.4358179569244385,130,0.0,0.11410000000000002,1.0,0.022128727287054062,gin,0.02159810132533312
0.0410649627037127,0.000999000999000999,2.2991485595703125,131,0.2,0.1106,0.3046953046953047,0.020539335906505585,gin,0.021418902331963183
-0.02767049629728939,1.0,2.4370005130767822,132,0.0,0.11160000000000002,1.0,0.02210119552910328,gin,0.021506110770627855
-0.040824591570981,1.0,2.4431519508361816,133,0.0,0.10500000000000001,1.0,0.022187529131770134,gin,0.021317260671406983
0.04143450266328727,0.000999000999000999,2.2896018028259277,134,0.0,0.11310000000000002,1.0,0.020747819915413857,gin,0.021644655449315906
-0.008609883562497273,0.8971028971028971,2.4074084758758545,135,0.0,0.1081,1.0,0.021897051483392715,gin,0.02171012979373336
0.05441204314292401,0.000999000999000999,2.2733914852142334,136,0.5,0.106,0.001998001998001998,0.02041025459766388,gin,0.021584723504260182
0.0466017821164371,0.000999000999000999,2.289475440979004,137,0.6,0.1078,0.000999000999000999,0.020540855824947357,gin,0.021544885903596878
-0.010319591889620843,0.9300699300699301,2.4095094203948975,138,0.0,0.11,1.0,0.021929288282990456,gin,0.021705298461019994
0.03443018943504339,0.000999000999000999,2.310149669647217,139,0.1,0.1095,0.6893106893106893,0.02082456462085247,gin,0.02156712481379509
0.03346735210806608,0.000999000999000999,2.324337959289551,140,0.3,0.11560000000000001,0.08791208791208792,0.020831814035773277,gin,0.021553140580654145
-0.019855026640415968,0.997002997002997,2.426130533218384,141,0.0,0.1114,1.0,0.022028742358088493,gin,0.02159987623989582
-0.015397834600300224,0.989010989010989,2.401939630508423,142,0.0,0.10880000000000001,1.0,0.021835193037986755,gin,0.021504076819866897
-0.0251731684427048,1.0,2.4224767684936523,143,0.0,0.10980000000000001,1.0,0.021956562995910645,gin,0.021417418707162142
0.04307302568352083,0.000999000999000999,2.2964000701904297,144,0.4,0.1095,0.016983016983016984,0.02081509679555893,gin,0.021752022206783295
-0.017891183226956067,0.995004995004995,2.402536392211914,145,0.1,0.10859999999999999,0.7082917082917083,0.021753614768385887,gin,0.021371257681399584
-0.003776556904215875,0.6823176823176823,2.396198034286499,146,0.2,0.10940000000000001,0.3066933066933067,0.021655645221471786,gin,0.021574169144034386
-0.03065693130466409,1.0,2.4322454929351807,147,0.0,0.11040000000000001,1.0,0.022162774577736855,gin,0.021503541968762873
-0.012994366468609584,0.973026973026973,2.4068310260772705,148,0.0,0.11070000000000002,1.0,0.021929675713181496,gin,0.021648368874564766
0.05011529456166409,0.000999000999000999,2.266054391860962,149,0.5,0.1101,0.001998001998001998,0.02057848684489727,gin,0.021664194324985148
-0.0375932846972771,1.0,2.4482805728912354,150,0.0,0.11270000000000002,1.0,0.022410517558455467,gin,0.021598556861281395
0.04457254451394842,0.000999000999000999,2.2817959785461426,151,0.5,0.10740000000000001,0.001998001998001998,0.020584696903824806,gin,0.021545012952759863
-0.015884698729905777,0.989010989010989,2.414377212524414,152,0.0,0.10760000000000002,1.0,0.021852266043424606,gin,0.021510577008128168
-0.021085981924948545,0.999000999000999,2.4262146949768066,153,0.0,0.11050000000000001,1.0,0.02203739620745182,gin,0.021582311967387795
-0.007447574871703246,0.8521478521478522,2.3889129161834717,154,0.0,0.11280000000000001,1.0,0.021800735965371132,gin,0.02163957362063229
0.0305099883962448,0.000999000999000999,2.342421054840088,155,0.3,0.11280000000000001,0.08591408591408592,0.02094894088804722,gin,0.02160820703394711
-0.0031942646125257615,0.6833166833166833,2.3833508491516113,156,0.3,0.10940000000000001,0.07292707292707293,0.02148318663239479,gin,0.021414782151579857
-0.03982631825913904,1.0,2.443554162979126,157,0.0,0.11370000000000002,1.0,0.022315388545393944,gin,0.02146068834140897
0.0005520216545416034,0.47352647352647353,2.3983123302459717,158,0.0,0.11330000000000001,1.0,0.02169467881321907,gin,0.02170666136033833
-0.03654260532915457,1.0,2.4261651039123535,159,0.0,0.11460000000000002,1.0,0.022407233715057373,gin,0.021617281913757325
-0.025033619279083433,1.0,2.436532974243164,160,0.0,0.11100000000000002,1.0,0.022117994725704193,gin,0.021577823702245952
0.04043150216328407,0.000999000999000999,2.303574800491333,161,0.4,0.10970000000000002,0.012987012987012988,0.020657794550061226,gin,0.021528212521225214
-0.021301397536470045,0.999000999000999,2.4323368072509766,162,0.0,0.11660000000000001,1.0,0.02204262465238571,gin,0.021582879163324832
-0.031135351126256556,1.0,2.4341111183166504,163,0.0,0.11090000000000003,1.0,0.022253921255469322,gin,0.021581959372386335
-0.02489549192974555,1.0,2.4263601303100586,164,0.2,0.11430000000000001,0.32367632367632365,0.022026250138878822,gin,0.021491215750575065
-0.03924902467240535,1.0,2.437612771987915,165,0.0,0.115,1.0,0.022368397563695908,gin,0.02152361660450697
0.02856162104347117,0.000999000999000999,2.330294609069824,166,0.2,0.10640000000000001,0.2917082917082917,0.020961645990610123,gin,0.02157794713973999
0.020282130145519883,0.004995004995004995,2.3499209880828857,167,0.1,0.1095,0.7022977022977023,0.02117198333144188,gin,0.021610285963863135
0.01866215914656966,0.004995004995004995,2.3415982723236084,168,0.1,0.1114,0.7022977022977023,0.021178562194108963,gin,0.021581316150724887
-0.02147176525232637,0.999000999000999,2.4305737018585205,169,0.0,0.11080000000000001,1.0,0.022012336179614067,gin,0.02154962763376534
-0.031230488497107967,1.0,2.4269795417785645,170,0.0,0.1105,1.0,0.02218439057469368,gin,0.02151254333741963
0.0014970074080137006,0.43656343656343655,2.3751747608184814,171,0.1,0.1078,0.6793206793206793,0.0214532557874918,gin,0.02148541961982846
-0.02632810225863016,1.0,2.430077075958252,172,0.0,0.11400000000000002,1.0,0.021910300478339195,gin,0.021348241785541178
0.0366646428390351,0.000999000999000999,2.320512056350708,173,0.1,0.10610000000000003,0.6983016983016983,0.020755335688591003,gin,0.02154528590105474
-0.026900903718176553,1.0,2.441361427307129,174,0.0,0.107,1.0,0.02212361805140972,gin,0.021544063279405237
0.04699837526185765,0.000999000999000999,2.2908082008361816,175,0.3,0.11170000000000002,0.06693306693306693,0.02052925154566765,gin,0.02154167528450489
-0.02310136522308909,1.0,2.4285783767700195,176,0.0,0.10560000000000001,1.0,0.021876150742173195,gin,0.0213821928948164
-0.041843082547060186,1.0,2.447721481323242,177,0.0,0.10600000000000001,1.0,0.022714432328939438,gin,0.021802162637934087
-0.017694394082599905,0.996003996003996,2.416639804840088,178,0.2,0.11280000000000001,0.3196803196803197,0.02183028869330883,gin,0.021450731005519627
0.043526484186575384,0.000999000999000999,2.2928953170776367,179,0.3,0.10960000000000002,0.07392607392607392,0.02074248716235161,gin,0.021686420815065503
0.05479085770973998,0.000999000999000999,2.278336763381958,180,0.2,0.11,0.3026973026973027,0.02054024673998356,gin,0.021730901470407845
0.04523315407220735,0.000999000999000999,2.3029885292053223,181,0.2,0.1116,0.3046953046953047,0.020650511607527733,gin,0.02162885284051299
-0.03514403112705458,1.0,2.43556547164917,182,0.0,0.10809999999999999,1.0,0.022219456732273102,gin,0.0214650870449841
0.04948843385927212,0.000999000999000999,2.2855799198150635,183,0.4,0.10990000000000001,0.01098901098901099,0.020411785691976547,gin,0.021474526369944215
0.04557876235215854,0.000999000999000999,2.2846179008483887,184,0.2,0.11580000000000001,0.3226773226773227,0.020385848358273506,gin,0.021359382580965758
-0.03813280291738798,1.0,2.445589303970337,185,0.0,0.11020000000000002,1.0,0.022531360387802124,gin,0.02170373609662056
-0.03980244333893819,1.0,2.4456229209899902,186,0.0,0.11120000000000001,1.0,0.022410554811358452,gin,0.021552704511210323
-0.018283608708306785,0.995004995004995,2.421555757522583,187,0.0,0.1155,1.0,0.022001462057232857,gin,0.021606418751180172
0.012838977110466781,0.03696303696303696,2.3548386096954346,188,0.4,0.1144,0.013986013986013986,0.021132947877049446,gin,0.02140780215896666
0.03096025342867862,0.000999000999000999,2.330125331878662,189,0.2,0.11540000000000002,0.3336663336663337,0.02084633708000183,gin,0.021512365363538264
-0.026325212824357652,1.0,2.4382262229919434,190,0.1,0.1086,0.6943056943056943,0.022228600457310677,gin,0.021658437481150032
-0.040991076252756616,1.0,2.4361188411712646,191,0.0,0.1169,1.0,0.022363681346178055,gin,0.02148306729644537
-0.02258182152198489,1.0,2.4356818199157715,192,0.0,0.11080000000000001,1.0,0.022022200748324394,gin,0.021535881320014594
-0.033794512171634754,1.0,2.428161144256592,193,0.0,0.1123,1.0,0.022248584777116776,gin,0.021521283499896526
-0.013519773839297452,0.9690309690309691,2.4216277599334717,194,0.0,0.1126,1.0,0.021779140457510948,gin,0.021488619185984135
-0.015553092644949784,0.983016983016983,2.420391082763672,195,0.1,0.105,0.6803196803196803,0.02200453169643879,gin,0.021667534524574875
-0.03378944226977853,1.0,2.424426794052124,196,0.0,0.11090000000000001,1.0,0.02215215004980564,gin,0.021428106289356947
-0.018203511828689713,0.995004995004995,2.423952579498291,197,0.0,0.1087,1.0,0.021871956065297127,gin,0.021480927743017672
0.011493284208162199,0.058941058941058944,2.365244150161743,198,0.0,0.10690000000000001,1.0,0.02128414250910282,gin,0.021531611438840626
-0.037926085144313705,1.0,2.4478020668029785,199,0.0,0.11280000000000001,1.0,0.02222888171672821,gin,0.021416632682085036
-0.021408937255270655,0.998001998001998,2.419217348098755,200,0.0,0.11130000000000001,1.0,0.021792802959680557,gin,0.021336021415889264
0.04894928491010861,0.000999000999000999,2.2732834815979004,201,0.4,0.1124,0.016983016983016984,0.020388860255479813,gin,0.021438247121870518
-0.012855287979812764,0.965034965034965,2.4014856815338135,202,0.1,0.10740000000000001,0.6913086913086913,0.021833091974258423,gin,0.021555983597412707
-0.019276783350435436,0.998001998001998,2.4344968795776367,203,0.0,0.1096,1.0,0.022060150280594826,gin,0.021642943939194085
-0.0208722560230435,0.999000999000999,2.4367892742156982,204,0.0,0.10590000000000001,1.0,0.022171135991811752,gin,0.021717835763469338
-0.038594357099784406,1.0,2.438002109527588,205,0.0,0.1126,1.0,0.022510508075356483,gin,0.021674013460054993
0.03336845828707458,0.000999000999000999,2.309927225112915,206,0.2,0.10940000000000001,0.2957042957042957,0.02080504596233368,gin,0.02152324341237545
0.03674050828550159,0.000999000999000999,2.3067996501922607,207,0.4,0.11370000000000001,0.017982017982017984,0.0207731481641531,gin,0.02156547466479242
-0.006722739586537664,0.8141858141858141,2.3893747329711914,208,0.0,0.1102,1.0,0.0217491053044796,gin,0.021603868125006555
-0.027744521941111593,1.0,2.4481334686279297,209,0.0,0.11230000000000001,1.0,0.022329557687044144,gin,0.021726759141311048
0.0022409278085988816,0.38161838161838163,2.378319263458252,210,0.1,0.11180000000000001,0.7132867132867133,0.021542837843298912,gin,0.021591222213581205
0.042498888515567684,0.000999000999000999,2.298445463180542,211,0.2,0.11260000000000002,0.3106893106893107,0.020548315718770027,gin,0.021460357040166855
0.04450594710059919,0.000999000999000999,2.2746596336364746,212,0.3,0.10690000000000001,0.07392607392607392,0.02053147368133068,gin,0.021487808970734476
-0.006732491070747928,0.8211788211788211,2.4017879962921143,213,0.0,0.1154,1.0,0.021661430597305298,gin,0.02151657047867775
0.04680429582129694,0.000999000999000999,2.2981135845184326,214,0.2,0.11180000000000001,0.2977022977022977,0.020642202347517014,gin,0.021655786169692874
-0.012961340952520866,0.965034965034965,2.4294891357421875,215,0.0,0.1058,1.0,0.021931609138846397,gin,0.021650983361527324
-0.01928278363111264,0.998001998001998,2.4330337047576904,216,0.0,0.11080000000000001,1.0,0.021975455805659294,gin,0.021559724306687712
-0.03341104285532987,1.0,2.434175968170166,217,0.0,0.1111,1.0,0.022240079939365387,gin,0.021521039564162493
0.03861492253420703,0.000999000999000999,2.3043274879455566,218,0.4,0.1149,0.01898101898101898,0.02070855349302292,gin,0.021540331734344362
0.049087140402965995,0.000999000999000999,2.292990207672119,219,0.4,0.1111,0.005994005994005994,0.02044188231229782,gin,0.021497114174067973
-0.03696915056207061,1.0,2.4531898498535156,220,0.0,0.1121,1.0,0.02246803417801857,gin,0.021667022751644255
-0.02402755863464829,1.0,2.4354617595672607,221,0.0,0.1056,1.0,0.022185711190104485,gin,0.02166515051573515
-0.0328556048185837,1.0,2.437749147415161,222,0.0,0.11480000000000001,1.0,0.022308992221951485,gin,0.021599333070218562
0.0368130733021993,0.000999000999000999,2.3152923583984375,223,0.0,0.10840000000000001,1.0,0.020923640578985214,gin,0.021723343620076777
-0.02205518957457458,0.995004995004995,2.429560422897339,224,0.0,0.10980000000000001,1.0,0.02206447347998619,gin,0.02158833857998252
0.01452539714460465,0.02097902097902098,2.357250213623047,225,0.0,0.11520000000000001,1.0,0.021414611488580704,gin,0.02173025202937424
-0.02648990092621394,1.0,2.4330177307128906,226,0.0,0.112,1.0,0.022089380770921707,gin,0.021519335700199007
-0.024524799749722007,1.0,2.431837797164917,227,0.0,0.11420000000000002,1.0,0.021999187767505646,gin,0.02147257711365819
-0.02442356920717696,1.0,2.436462879180908,228,0.0,0.10670000000000002,1.0,0.02217087149620056,gin,0.021642289539799093
-0.030755538631356605,1.0,2.446709394454956,229,0.0,0.10880000000000001,1.0,0.022157521918416023,gin,0.021496388899162413
-0.015027074984099192,0.9760239760239761,2.4085123538970947,230,0.0,0.10960000000000002,1.0,0.021786974743008614,gin,0.02146442718617618
0.02894714939573832,0.000999000999000999,2.327008008956909,231,0.5,0.11310000000000002,0.001998001998001998,0.020901178941130638,gin,0.021524244461208583
0.039042903831817286,0.000999000999000999,2.3066792488098145,232,0.4,0.1106,0.014985014985014986,0.020768925547599792,gin,0.021612750070169568
0.04185269745704769,0.000999000999000999,2.3063571453094482,233,0.2,0.1134,0.3086913086913087,0.020726200193166733,gin,0.02163153842650354
0.03381684688835456,0.000999000999000999,2.324155569076538,234,0.5,0.1119,0.001998001998001998,0.020827529951930046,gin,0.021556502910330892
0.03933891648547593,0.000999000999000999,2.2948219776153564,235,0.3,0.1124,0.08791208791208792,0.02058759331703186,gin,0.021430651944130658
0.019586133545288716,0.003996003996003996,2.357386589050293,236,0.0,0.11110000000000002,1.0,0.021289968863129616,gin,0.02171528738178313
0.04040257888618293,0.000999000999000999,2.307532787322998,237,0.5,0.11030000000000001,0.002997002997002997,0.020574547350406647,gin,0.021440811425447463
-0.03731564876227373,1.0,2.4419713020324707,238,0.0,0.1121,1.0,0.022299086675047874,gin,0.021496915332973
0.01762579372425176,0.002997002997002997,2.357206344604492,239,0.3,0.11470000000000001,0.08491508491508491,0.02122192643582821,gin,0.02160269101150334
0.04381474751740022,0.000999000999000999,2.2944788932800293,240,0.1,0.10950000000000001,0.7012987012987013,0.020628053694963455,gin,0.021573281580582263
-0.02580219857574988,1.0,2.426331043243408,241,0.0,0.11260000000000002,1.0,0.022070536389946938,gin,0.021515391973778605
-0.03933374220889564,1.0,2.432001829147339,242,0.0,0.11070000000000002,1.0,0.022387679666280746,gin,0.021540414553135632
0.00346173033471263,0.3106893106893107,2.387659788131714,243,0.3,0.1124,0.08191808191808192,0.021645205095410347,gin,0.021720395246520637
0.010934829456138747,0.04495504495504495,2.3714425563812256,244,0.0,0.11030000000000001,1.0,0.021256031468510628,gin,0.021491032240912318
0.04122894544115758,0.000999000999000999,2.2928271293640137,245,0.4,0.11470000000000001,0.015984015984015984,0.020644905045628548,gin,0.021532674508169293
-0.038049048867419756,1.0,2.451612949371338,246,0.0,0.1087,1.0,0.022294700145721436,gin,0.021477501636371018
0.04178702703576623,0.000999000999000999,2.290580987930298,247,0.0,0.10620000000000002,1.0,0.02071070484817028,gin,0.021613884838297962
0.030472306410135205,0.000999000999000999,2.32319974899292,248,0.0,0.11200000000000002,1.0,0.020835893228650093,gin,0.021490766448900103
-0.03277847702293563,1.0,2.447518825531006,249,0.0,0.10420000000000001,1.0,0.02235812321305275,gin,0.021648517770692707
-0.023622072804957903,0.999000999000999,2.4271414279937744,250,0.0,0.10560000000000001,1.0,0.02213594689965248,gin,0.021625116815790536
-0.01567385684978491,0.991008991008991,2.421865940093994,251,0.0,0.10930000000000001,1.0,0.021790506318211555,gin,0.021454235699027775
0.039298513589740375,0.000999000999000999,2.298283100128174,252,0.0,0.11040000000000001,1.0,0.02063530683517456,gin,0.021479415955021976
-0.009417600579223173,0.913086913086913,2.4127066135406494,253,0.0,0.1068,1.0,0.021688200533390045,gin,0.02148585532978177
-0.008954516772198986,0.8991008991008991,2.4140050411224365,254,0.0,0.11270000000000001,1.0,0.02155982330441475,gin,0.021368478901684283
0.011983567059840165,0.05094905094905095,2.3546252250671387,255,0.1,0.10990000000000003,0.7032967032967034,0.02110135927796364,gin,0.02135729586519301
0.04035156833001089,0.000999000999000999,2.3021907806396484,256,0.1,0.10800000000000001,0.6943056943056943,0.020641934126615524,gin,0.02150989200361073
0.05580694576929621,0.000999000999000999,2.2692959308624268,257,0.3,0.11040000000000001,0.06893106893106893,0.02041957713663578,gin,0.021626485224813224
-0.010426896972718381,0.932067932067932,2.395385503768921,258,0.1,0.11350000000000002,0.7242757242757243,0.02178926207125187,gin,0.021564412167295814
-0.027270171510174503,1.0,2.4334940910339355,259,0.0,0.1081,1.0,0.022081494331359863,gin,0.021495313446968794
-0.026232579340862438,1.0,2.4189951419830322,260,0.0,0.10970000000000002,1.0,0.02204146422445774,gin,0.021478039840236305
0.03629763109565444,0.000999000999000999,2.304486036300659,261,0.0,0.11,1.0,0.020738808438181877,gin,0.02151993095315993
-0.03794881182440489,1.0,2.433924436569214,262,0.0,0.11090000000000001,1.0,0.022234460338950157,gin,0.021421538408845663
-0.02343938241206108,1.0,2.4286458492279053,263,0.0,0.11010000000000002,1.0,0.021989867091178894,gin,0.02148624282889068
-0.0036268087765700015,0.7142857142857143,2.378342628479004,264,0.1,0.10840000000000001,0.6993006993006993,0.021580476313829422,gin,0.02150249089114368
-0.03231974910615675,1.0,2.4270288944244385,265,0.0,0.11210000000000002,1.0,0.022333882749080658,gin,0.021634656092152
-0.02896728074947498,1.0,2.4464988708496094,266,0.0,0.11170000000000002,1.0,0.022311899811029434,gin,0.021683779677376152
-0.026719242047975315,1.0,2.441331148147583,267,0.0,0.1144,1.0,0.022157318890094757,gin,0.021580698970705272
-0.025843182517592714,1.0,2.434950828552246,268,0.0,0.10840000000000001,1.0,0.021980641409754753,gin,0.021426902068778873
-0.018739994418617296,0.999000999000999,2.4299445152282715,269,0.0,0.11270000000000002,1.0,0.022032631561160088,gin,0.021627335416153075
-0.041287537396499104,1.0,2.4390861988067627,270,0.0,0.1136,1.0,0.022324681282043457,gin,0.02143949723802507
-0.012463856419299996,0.967032967032967,2.4238414764404297,271,0.0,0.11230000000000001,1.0,0.021863825619220734,gin,0.02159467271901667
-0.04111624709170023,1.0,2.4486968517303467,272,0.0,0.1063,1.0,0.02256684936583042,gin,0.021675628853961824
-0.039417749261100886,1.0,2.447518825531006,273,0.0,0.10959999999999999,1.0,0.02240174636244774,gin,0.02155220687575638
-0.0448435370162989,1.0,2.4417426586151123,274,0.0,0.1129,1.0,0.02241102047264576,gin,0.02144916408881545
-0.02893434506896523,1.0,2.43381404876709,275,0.0,0.11280000000000001,1.0,0.022107459604740143,gin,0.021485782558098434
-0.016419143079917747,0.984015984015984,2.4165923595428467,276,0.3,0.11030000000000001,0.07592407592407592,0.021839689463377,gin,0.021486893091350795
0.04185417581391699,0.000999000999000999,2.298333168029785,277,0.0,0.11560000000000002,1.0,0.020649904385209084,gin,0.02155194320529699
0.044740994958728714,0.000999000999000999,2.299800157546997,278,0.4,0.1092,0.012987012987012988,0.0205671563744545,gin,0.021530450135469437
0.027546823287024957,0.000999000999000999,2.3116137981414795,279,0.3,0.1139,0.07892107892107893,0.020770065486431122,gin,0.0213584221675992
-0.004581193208898587,0.7372627372627373,2.407316207885742,280,0.1,0.11380000000000001,0.7332667332667333,0.02158690243959427,gin,0.021488459654152393
-0.030591230458285063,1.0,2.4408435821533203,281,0.0,0.10990000000000001,1.0,0.022296838462352753,gin,0.02163499727472663
-0.022036322701109744,1.0,2.420574188232422,282,0.0,0.11300000000000002,1.0,0.022041572257876396,gin,0.021566329658031465
-0.01360141476772201,0.971028971028971,2.418272018432617,283,0.0,0.1114,1.0,0.02191394940018654,gin,0.021619888331741093
-0.037540487303386945,1.0,2.43546986579895,284,0.0,0.1121,1.0,0.02240445464849472,gin,0.021593812407925725
0.037247755636225476,0.000999000999000999,2.3095457553863525,285,0.0,0.1053,1.0,0.020928766578435898,gin,0.02173847602121532
-0.041272058813798626,1.0,2.4399430751800537,286,0.0,0.1154,1.0,0.022438615560531616,gin,0.021549234295263887
0.04281141780033344,0.000999000999000999,2.3004181385040283,287,0.2,0.109,0.29270729270729273,0.020680436864495277,gin,0.02160539443232119
0.030693779480934432,0.000999000999000999,2.3263704776763916,288,0.2,0.11450000000000002,0.32867132867132864,0.02096249908208847,gin,0.02162629171088338
-0.01575679659166258,0.986013986013986,2.4191184043884277,289,0.1,0.11130000000000001,0.7152847152847153,0.02195775881409645,gin,0.021617141906172036
-0.02770912369052669,1.0,2.428309679031372,290,0.0,0.1066,1.0,0.022069517523050308,gin,0.021474478540942074
0.04758908386216468,0.000999000999000999,2.289396286010742,291,0.4,0.11030000000000001,0.013986013986013986,0.020651938393712044,gin,0.021683853097259998
0.01955306475739491,0.002997002997002997,2.35746431350708,292,0.4,0.11560000000000002,0.01998001998001998,0.021157151088118553,gin,0.021579088401049374
0.02650898307546866,0.000999000999000999,2.3437042236328125,293,0.5,0.10970000000000002,0.002997002997002997,0.02100544422864914,gin,0.021577440226450563
0.0517653055825683,0.000999000999000999,2.276268482208252,294,0.5,0.10880000000000001,0.000999000999000999,0.02051408402621746,gin,0.021633973263204098
0.04094916110005892,0.000999000999000999,2.2900900840759277,295,0.5,0.1144,0.002997002997002997,0.020637188106775284,gin,0.02151834633760154
-0.02678196830898149,1.0,2.4330060482025146,296,0.0,0.12020000000000002,1.0,0.02216045744717121,gin,0.02158243729546666
-0.03532030536574578,1.0,2.441209554672241,297,0.0,0.11090000000000001,1.0,0.022278986871242523,gin,0.02151893163472414
-0.021439563348660113,1.0,2.4276137351989746,298,0.0,0.10640000000000001,1.0,0.02201039157807827,gin,0.02154840322211385
-0.003836585668743852,0.7112887112887113,2.3927571773529053,299,0.3,0.11240000000000001,0.08691308691308691,0.021567683666944504,gin,0.021485253650695084
-0.02698364883217873,1.0,2.4393346309661865,300,0.1,0.1058,0.6783216783216783,0.022114306688308716,gin,0.021533260742202402
0.011185123572171392,0.04995004995004995,2.3765769004821777,301,0.0,0.1144,1.0,0.021411962807178497,gin,0.021654167344793678
-0.02364385554344918,1.0,2.4397294521331787,302,0.0,0.11530000000000001,1.0,0.02190963365137577,gin,0.021403570717200636
0.02535844948347474,0.000999000999000999,2.3506436347961426,303,0.0,0.1124,1.0,0.021032679826021194,gin,0.021579912958666684
0.05077216937048581,0.000999000999000999,2.2796406745910645,304,0.2,0.11200000000000002,0.3096903096903097,0.020447740331292152,gin,0.021541446290910243
0.010007746880536579,0.07092907092907093,2.3545949459075928,305,0.4,0.1092,0.013986013986013986,0.021445373073220253,gin,0.021662162512540818
0.041885861651327856,0.000999000999000999,2.302306890487671,306,0.6,0.1111,0.000999000999000999,0.020690947771072388,gin,0.021595493629574775
-0.02595845505747848,1.0,2.4332361221313477,307,0.0,0.11170000000000002,1.0,0.022077517583966255,gin,0.021518919674679636
0.007973674961922418,0.11488511488511488,2.344756603240967,308,0.1,0.11010000000000002,0.6903096903096904,0.02136206440627575,gin,0.02153376767039299
0.0021529798894825373,0.3786213786213786,2.3875012397766113,309,0.4,0.11310000000000002,0.01998001998001998,0.021563038229942322,gin,0.02160956318490207
-0.03655889197373995,1.0,2.4297027587890625,310,0.0,0.1114,1.0,0.022343745455145836,gin,0.021555693196132777
0.03411176289838428,0.000999000999000999,2.320685386657715,311,0.1,0.1129,0.7212787212787213,0.0207306370139122,gin,0.021462769933044912
0.001671433778987086,0.41858141858141856,2.3691697120666504,312,0.1,0.11170000000000002,0.7202797202797203,0.021606460213661194,gin,0.021642634443938734
0.04728821166699745,0.000999000999000999,2.2830820083618164,313,0.3,0.10940000000000001,0.07392607392607392,0.020582087337970734,gin,0.02160368706472218
-0.021028990986352317,0.998001998001998,2.4191553592681885,314,0.1,0.11310000000000002,0.7342657342657343,0.021994389593601227,gin,0.021541395775973797
0.015040082631058242,0.022977022977022976,2.3466594219207764,315,0.1,0.11120000000000002,0.6873126873126874,0.021067611873149872,gin,0.021389308845624327
-0.013035975739381376,0.971028971028971,2.4078235626220703,316,0.3,0.10670000000000002,0.07792207792207792,0.02180231362581253,gin,0.021521756529808044
0.04416858397826549,0.000999000999000999,2.2855277061462402,317,0.3,0.11120000000000002,0.0899100899100899,0.020573213696479797,gin,0.02152389359846711
0.042339544333498284,0.000999000999000999,2.289292335510254,318,0.4,0.1144,0.014985014985014986,0.020543156191706657,gin,0.02145139863528311
0.0357533566525625,0.000999000999000999,2.3016345500946045,319,0.1,0.11170000000000001,0.6973026973026973,0.02073097974061966,gin,0.021499664928764105
0.05057221905985592,0.000999000999000999,2.2865066528320312,320,0.1,0.11170000000000002,0.7232767232767233,0.020649900659918785,gin,0.021749838244169952
-0.036431849701878835,1.0,2.434011220932007,321,0.0,0.11080000000000001,1.0,0.02219914086163044,gin,0.02141881385445595
0.05021038498402627,0.000999000999000999,2.274554967880249,322,0.3,0.11180000000000001,0.08291708291708291,0.020446881651878357,gin,0.021527800818905235
-0.03126616872830846,1.0,2.43933367729187,323,0.0,0.1102,1.0,0.022179242223501205,gin,0.0215068067740649
0.04219125225792444,0.000999000999000999,2.2879559993743896,324,0.3,0.11240000000000001,0.07692307692307693,0.020552271977066994,gin,0.021457594770938157
-0.04004536120348459,1.0,2.4390578269958496,325,0.0,0.11230000000000001,1.0,0.022426020354032516,gin,0.02156254062615335
0.038145684600196815,0.000999000999000999,2.3082165718078613,326,0.0,0.10660000000000001,1.0,0.02075919881463051,gin,0.021582477182149888
-0.03847644871820839,1.0,2.4339752197265625,327,0.0,0.11120000000000001,1.0,0.02231702394783497,gin,0.021490158949047326
-0.0398947200652103,1.0,2.4270503520965576,328,0.0,0.11570000000000001,1.0,0.02220938727259636,gin,0.021357342088595032
-0.019603044988097305,0.998001998001998,2.4178307056427,329,0.1,0.1131,0.7252747252747253,0.022143671289086342,gin,0.021717933658510446
-0.005824035492722194,0.7942057942057942,2.401542901992798,330,0.0,0.10600000000000001,1.0,0.02177174761891365,gin,0.021645682396367192
-0.03230671867888837,1.0,2.4376819133758545,331,0.0,0.10690000000000001,1.0,0.0221457090228796,gin,0.021452644472941755
0.01621119662124921,0.011988011988011988,2.3530685901641846,332,0.4,0.11370000000000001,0.00999000999000999,0.021125834435224533,gin,0.021473952908068895
-0.02543534961842415,1.0,2.428023338317871,333,0.0,0.11,1.0,0.021941211074590683,gin,0.021396971620619296
-0.012661585761785554,0.968031968031968,2.4169251918792725,334,0.1,0.11000000000000001,0.7072927072927073,0.022066036239266396,gin,0.02179013853147626
-0.03063894085248276,1.0,2.4476776123046875,335,0.0,0.11300000000000002,1.0,0.02236808091402054,gin,0.021703120294958352
-0.012647222186754572,0.968031968031968,2.416682243347168,336,0.0,0.11250000000000002,1.0,0.021925967186689377,gin,0.021652127914130688
0.011373103086355541,0.053946053946053944,2.3706822395324707,337,0.5,0.1116,0.001998001998001998,0.021243540570139885,gin,0.021487924955785276
0.03532405253476738,0.000999000999000999,2.3099184036254883,338,0.4,0.11340000000000001,0.01098901098901099,0.020770059898495674,gin,0.021530608234927057
0.021099749784329165,0.001998001998001998,2.339451789855957,339,0.0,0.1139,1.0,0.021069766953587532,gin,0.02152391619980335
-0.006296295321911153,0.8331668331668332,2.3795223236083984,340,0.1,0.10990000000000001,0.7102897102897103,0.021688850596547127,gin,0.021553145626559852
-0.0010478785454965684,0.5754245754245755,2.395507574081421,341,0.3,0.11730000000000002,0.08891108891108891,0.021656449884176254,gin,0.021633780309930444
0.04494701876406564,0.000999000999000999,2.3052186965942383,342,0.5,0.11430000000000001,0.002997002997002997,0.02074557915329933,gin,0.021721914449706673
0.023298614825584943,0.002997002997002997,2.3428428173065186,343,0.0,0.11380000000000001,1.0,0.021093573421239853,gin,0.021596747728064657
0.03324516796982713,0.000999000999000999,2.319242477416992,344,0.0,0.11200000000000002,1.0,0.02079688385128975,gin,0.021512055758386852
0.023790059548418667,0.000999000999000999,2.3372957706451416,345,0.4,0.11170000000000002,0.013986013986013986,0.020782798528671265,gin,0.02128927156701684
-0.04075984916602093,1.0,2.4529011249542236,346,0.0,0.10970000000000002,1.0,0.02239369973540306,gin,0.021516682982444763
0.04896822138282565,0.000999000999000999,2.2695472240448,347,0.2,0.10690000000000001,0.3016983016983017,0.02041143737733364,gin,0.021462413597851993
-0.02879011573012723,1.0,2.4391486644744873,348,0.0,0.11320000000000002,1.0,0.02224046178162098,gin,0.02161807490326464
0.04129050857262254,0.000999000999000999,2.311593770980835,349,0.1,0.11230000000000001,0.7072927072927073,0.020622212439775467,gin,0.02151038726978004
-0.029396784697685127,1.0,2.4433770179748535,350,0.0,0.1087,1.0,0.022244825959205627,gin,0.021609573965892196
-0.028141092335735984,1.0,2.4383766651153564,351,0.0,0.11180000000000001,1.0,0.022107133641839027,gin,0.021502042673528194
-0.0022865332753860294,0.6243756243756243,2.40346360206604,352,0.2,0.11220000000000001,0.3096903096903097,0.021608730778098106,gin,0.021559434413909912
-0.03753336482044027,1.0,2.4528379440307617,353,0.0,0.1095,1.0,0.022555997595191002,gin,0.021740021439269185
-0.027248551315447667,1.0,2.4293630123138428,354,0.0,0.1184,1.0,0.022060154005885124,gin,0.02147499159537256
0.010090857186927628,0.08291708291708291,2.349045515060425,355,0.2,0.1082,0.2957042957042957,0.02139120362699032,gin,0.021609259579330683
-0.02857098018914496,1.0,2.430060625076294,356,0.0,0.1131,1.0,0.022164106369018555,gin,0.021548446141183376
-0.038548235032502244,1.0,2.4419758319854736,357,0.0,0.1106,1.0,0.02236379310488701,gin,0.021533706717193127
0.037875477455913846,0.000999000999000999,2.3038406372070312,358,0.2,0.11510000000000001,0.32367632367632365,0.02066698484122753,gin,0.021480571752414107
-0.03161972687028016,1.0,2.437276601791382,359,0.0,0.10840000000000001,1.0,0.022265227511525154,gin,0.021582785721868277
-0.0364191573173875,1.0,2.4301469326019287,360,0.0,0.1126,1.0,0.022146282717585564,gin,0.021368075417354703
0.04961380004609683,0.000999000999000999,2.2911088466644287,361,0.1,0.10960000000000002,0.7082917082917083,0.02066901884973049,gin,0.021748020805418492
-0.03147663251771821,1.0,2.4290833473205566,362,0.0,0.11080000000000001,1.0,0.022087065503001213,gin,0.021413054650649428
0.020211180182070153,0.001998001998001998,2.3473329544067383,363,0.0,0.1114,1.0,0.021197952330112457,gin,0.021635225776582955
-0.03148215082455482,1.0,2.430891513824463,364,0.0,0.10970000000000002,1.0,0.022037995979189873,gin,0.02136536823399365
-0.02455450868895995,1.0,2.4306282997131348,365,0.0,0.1139,1.0,0.021992152556777,gin,0.021465087870135905
0.04115852593517981,0.000999000999000999,2.292982339859009,366,0.3,0.1139,0.0899100899100899,0.02063886448740959,gin,0.021524793248623608
0.011833975475315959,0.04495504495504495,2.3456504344940186,367,0.1,0.10980000000000001,0.7112887112887113,0.021344086155295372,gin,0.02159969643317163
-0.023177580482286946,1.0,2.4264118671417236,368,0.0,0.10870000000000002,1.0,0.022047149017453194,gin,0.021547724889591335
0.04479916216019197,0.000999000999000999,2.2848877906799316,369,0.2,0.1146,0.3246753246753247,0.02055180072784424,gin,0.021515685407444834
0.019963602167819738,0.003996003996003996,2.3424956798553467,370,0.0,0.1096,1.0,0.021279223263263702,gin,0.021712686702609063
-0.00565350639264083,0.7932067932067932,2.400190591812134,371,0.2,0.1175,0.33966033966033965,0.02159372717142105,gin,0.021472333198413254
0.04660449990286751,0.000999000999000999,2.29233980178833,372,0.4,0.10880000000000001,0.007992007992007992,0.020702660083770752,gin,0.021714661000296474
-0.027788538512563632,1.0,2.4416112899780273,373,0.0,0.11770000000000001,1.0,0.021984944120049477,gin,0.021390532484278083
0.011107107824387364,0.05094905094905095,2.3738136291503906,374,0.2,0.10990000000000001,0.30569430569430567,0.021235391497612,gin,0.021473904469981788
-0.020873118486502112,1.0,2.436007499694824,375,0.0,0.10930000000000001,1.0,0.021998494863510132,gin,0.02154870616644621
-0.01266037788094123,0.9630369630369631,2.4073472023010254,376,0.2,0.11130000000000001,0.3046953046953047,0.021781057119369507,gin,0.021508748238906264
0.0001923093886358565,0.4925074925074925,2.3872082233428955,377,0.4,0.10890000000000001,0.012987012987012988,0.021545937284827232,gin,0.02155008156783879
0.04455696738461898,0.000999000999000999,2.31024432182312,378,0.2,0.10430000000000002,0.26573426573426573,0.020725691691040993,gin,0.02169223175384104
0.009127236251596213,0.09490509490509491,2.3518567085266113,379,0.0,0.10820000000000002,1.0,0.021192384883761406,gin,0.021387594511732458
-0.022794378365079374,1.0,2.441075563430786,380,0.0,0.1116,1.0,0.02212006226181984,gin,0.021627086274325847
-0.03095622081886709,1.0,2.4175469875335693,381,0.0,0.11090000000000001,1.0,0.022103792056441307,gin,0.02144008795917034
-0.03345172928023124,1.0,2.4464430809020996,382,0.0,0.1135,1.0,0.022331954911351204,gin,0.02160909336991608
-0.011032817234179843,0.9530469530469531,2.40644907951355,383,0.0,0.10510000000000001,1.0,0.02174602821469307,gin,0.02150872636772692
0.037257465274811136,0.000999000999000999,2.3133962154388428,384,0.0,0.1095,1.0,0.020767241716384888,gin,0.021570919500663876
0.03677840327483721,0.000999000999000999,2.309211492538452,385,0.2,0.11600000000000002,0.3246753246753247,0.02084500342607498,gin,0.021640921982005238
0.04105385356983074,0.000999000999000999,2.3140769004821777,386,0.1,0.1184,0.7262737262737263,0.020751388743519783,gin,0.02163978532142937
-0.020847080110732913,0.998001998001998,2.417837142944336,387,0.0,0.11160000000000002,1.0,0.022071262821555138,gin,0.021620537739247082
0.01698607349256862,0.01098901098901099,2.3551952838897705,388,0.5,0.10990000000000001,0.002997002997002997,0.021101443096995354,gin,0.021466067293658853
-0.022803784628125313,1.0,2.4309275150299072,389,0.0,0.108,1.0,0.022180667147040367,gin,0.02168614105693996
0.043983434436750124,0.000999000999000999,2.3008193969726562,390,0.4,0.11120000000000002,0.00999000999000999,0.02060854807496071,gin,0.02155668512172997
-0.008725192838302526,0.8991008991008991,2.4068479537963867,391,0.0,0.1078,1.0,0.021715238690376282,gin,0.021527407905086875
-0.02476312505830221,1.0,2.435396432876587,392,0.0,0.11300000000000003,1.0,0.022134963423013687,gin,0.021600077990442515
-0.030300666895841037,1.0,2.4150230884552,393,0.0,0.11230000000000001,1.0,0.02230302058160305,gin,0.021647099044173956
-0.04077551217682119,1.0,2.44486927986145,394,0.0,0.10880000000000001,1.0,0.022497056052088737,gin,0.021615666192024947
-0.013388442557719774,0.974025974025974,2.4000954627990723,395,0.0,0.10830000000000001,1.0,0.021806322038173676,gin,0.02151822649873793
-0.0014906758904594721,0.5764235764235764,2.398653984069824,396,0.2,0.11280000000000001,0.32367632367632365,0.02153215929865837,gin,0.021500109603628515
0.04290294428721939,0.000999000999000999,2.2927134037017822,397,0.2,0.11230000000000001,0.3116883116883117,0.020581910386681557,gin,0.021504517503082753
-0.0396163642255522,1.0,2.4415900707244873,398,0.0,0.1169,1.0,0.022464796900749207,gin,0.021608737293630838
0.039483954572556906,0.000999000999000999,2.3060433864593506,399,0.5,0.11030000000000001,0.003996003996003996,0.020757241174578667,gin,0.021610509552061556
0.0027443557141013553,0.3436563436563437,2.3841943740844727,400,0.1,0.11310000000000002,0.7022977022977023,0.021428056061267853,gin,0.02148702409863472
-0.0005079734786146396,0.5304695304695305,2.3539018630981445,401,0.1,0.11120000000000002,0.7162837162837162,0.021552814170718193,gin,0.021541871471330524
0.04764120971490665,0.000999000999000999,2.283936023712158,402,0.6,0.11030000000000001,0.000999000999000999,0.020615937188267708,gin,0.021647237783297895
-0.025174404094522717,1.0,2.4325454235076904,403,0.0,0.11220000000000002,1.0,0.022217288613319397,gin,0.021671716075390576
-0.024936164289681484,1.0,2.388829231262207,404,0.0,0.1106,1.0,0.022090908139944077,gin,0.02155344782397151
0.01755075299777551,0.005994005994005994,2.349809408187866,405,0.0,0.1114,1.0,0.0212697833776474,gin,0.021649752842262386
0.03411528313326764,0.000999000999000999,2.3137152194976807,406,0.4,0.10610000000000001,0.01098901098901099,0.020734112709760666,gin,0.021466446613892912
0.0037152422374627614,0.2997002997002997,2.3841969966888428,407,0.4,0.10950000000000001,0.014985014985014986,0.021480295807123184,gin,0.021560397908091545
-0.03126278168066932,1.0,2.4407050609588623,408,0.0,0.11190000000000001,1.0,0.022025834769010544,gin,0.02135812051035464
-0.03841171551512908,1.0,2.443723440170288,409,0.0,0.1169,1.0,0.022386377677321434,gin,0.021558286894112825
-0.04363098494110586,1.0,2.4523603916168213,410,0.0,0.11360000000000002,1.0,0.022343747317790985,gin,0.02140962432138622
-0.026466685785327605,1.0,2.434389114379883,411,0.0,0.10860000000000002,1.0,0.02231249213218689,gin,0.02173718099296093
0.012422296817594863,0.03596403596403597,2.3511760234832764,412,0.2,0.1144,0.3386613386613387,0.021328482776880264,gin,0.02159676419198513
0.04961946506367391,0.000999000999000999,2.280181884765625,413,0.2,0.10890000000000002,0.29270729270729273,0.020444365218281746,gin,0.021511767620220782
-0.022018682092319528,0.999000999000999,2.4257638454437256,414,0.0,0.11550000000000002,1.0,0.02188790962100029,gin,0.02141634982265532
-0.020049459891984072,0.999000999000999,2.4264872074127197,415,0.0,0.11370000000000002,1.0,0.02199592813849449,gin,0.02156358980946243
0.006192525179791224,0.1888111888111888,2.3620948791503906,416,0.2,0.1114,0.3066933066933067,0.02148342691361904,gin,0.021617292542010547
-0.028802196872399908,1.0,2.4327104091644287,417,0.0,0.11260000000000002,1.0,0.022353557869791985,gin,0.02172775091044605
-0.02299377157896675,1.0,2.4388577938079834,418,0.0,0.11130000000000001,1.0,0.022176362574100494,gin,0.02167790576070547
-0.026960866980392906,1.0,2.4247984886169434,419,0.0,0.10820000000000002,1.0,0.022066788747906685,gin,0.021487467981874942
-0.029497634226786314,1.0,2.4333951473236084,420,0.0,0.1129,1.0,0.022195853292942047,gin,0.021559887614101172
0.015053328476826007,0.016983016983016984,2.3628005981445312,421,0.2,0.11040000000000001,0.3146853146853147,0.021275315433740616,gin,0.021600474471226334
-0.03560563105896851,1.0,2.426525592803955,422,0.0,0.11290000000000001,1.0,0.022249219939112663,gin,0.021484259327873588
0.014484973563423171,0.02097902097902098,2.3527660369873047,423,0.4,0.11040000000000003,0.013986013986013986,0.021205518394708633,gin,0.021517194386571646
-0.040551619936522496,1.0,2.4371864795684814,424,0.0,0.1126,1.0,0.022506173700094223,gin,0.021629079489037393
-0.02812888280108074,1.0,2.4477853775024414,425,0.0,0.1101,1.0,0.022174322977662086,gin,0.021567649103701115
0.03219707502476281,0.000999000999000999,2.334730863571167,426,0.3,0.10920000000000002,0.07792207792207792,0.020842915400862694,gin,0.021536321975290776
-0.041163760799181826,1.0,2.4473283290863037,427,0.0,0.1106,1.0,0.02243069000542164,gin,0.021543863559141754
0.015934067024416625,0.012987012987012988,2.3604981899261475,428,0.3,0.1199,0.1028971028971029,0.02110440470278263,gin,0.021446128755807876
-0.009841326960403499,0.9170829170829171,2.417470932006836,429,0.2,0.1078,0.3026973026973027,0.021859949454665184,gin,0.021646915085613727
-0.029061096144477293,1.0,2.4299468994140625,430,0.0,0.10590000000000001,1.0,0.022053312510252,gin,0.02143051816150546
0.04815568096964879,0.000999000999000999,2.288205862045288,431,0.2,0.11020000000000002,0.3156843156843157,0.020593293011188507,gin,0.021635148311033844
0.02659954590378848,0.000999000999000999,2.350848436355591,432,0.1,0.1128,0.7272727272727273,0.020960288122296333,gin,0.021533057678490876
-0.038117653312237015,1.0,2.444084644317627,433,0.0,0.11220000000000001,1.0,0.02232898399233818,gin,0.021509107297286393
-0.028118609024712762,1.0,2.4067251682281494,434,0.0,0.107,1.0,0.022044286131858826,gin,0.02144138423167169
-0.028776738222508865,1.0,2.4375898838043213,435,0.0,0.10859999999999999,1.0,0.022004850208759308,gin,0.021389334917068483
-0.008161375857797134,0.8931068931068931,2.419646739959717,436,0.0,0.11420000000000002,1.0,0.021874580532312393,gin,0.02169749908708036
0.029790387490235624,0.000999000999000999,2.331261157989502,437,0.4,0.10840000000000001,0.016983016983016984,0.020924516022205353,gin,0.021567005472257733
-0.028741101241704835,1.0,2.439694404602051,438,0.0,0.10740000000000001,1.0,0.022059809416532516,gin,0.02144349962286651
-0.011778093540064127,0.952047952047952,2.4118807315826416,439,0.2,0.1078,0.28471528471528473,0.021802451461553574,gin,0.021548649452626707
0.04881946565157017,0.000999000999000999,2.2911324501037598,440,0.1,0.11170000000000001,0.7362637362637363,0.020455963909626007,gin,0.021505868939682843
-0.018151131594854722,0.994005994005994,2.415828227996826,441,0.1,0.1111,0.6953046953046953,0.022107277065515518,gin,0.02171315866522491
-0.038177461346370845,1.0,2.450221538543701,442,0.0,0.11460000000000001,1.0,0.02253357321023941,gin,0.02170493393391371
0.0327657619434463,0.000999000999000999,2.3203794956207275,443,0.2,0.11040000000000001,0.2827172827172827,0.020772434771060944,gin,0.02147611607797444
0.041222172061180465,0.000999000999000999,2.284698486328125,444,0.6,0.10909999999999999,0.000999000999000999,0.020511288195848465,gin,0.021393160749226807
-0.030714799445512832,1.0,2.433791399002075,445,0.0,0.1061,1.0,0.022136788815259933,gin,0.021477123280987144
0.0003116819340134487,0.4915084915084915,2.3875880241394043,446,0.2,0.11009999999999999,0.3006993006993007,0.0215414110571146,gin,0.021548127219080924
-0.030270822680077095,1.0,2.434863328933716,447,0.0,0.1144,1.0,0.02229766733944416,gin,0.021642530146986246
-0.02557971243876851,1.0,2.4332072734832764,448,0.0,0.11209999999999999,1.0,0.022105330601334572,gin,0.021553985841572285
0.020592455964356566,0.002997002997002997,2.3410797119140625,449,0.2,0.11410000000000002,0.3086913086913087,0.02114434912800789,gin,0.02158891797065735
-0.0244545289973656,0.999000999000999,2.4353506565093994,450,0.0,0.11090000000000001,1.0,0.02227833867073059,gin,0.021746537342667578
0.04422816761674758,0.000999000999000999,2.293057918548584,451,0.4,0.11150000000000002,0.012987012987012988,0.020505191758275032,gin,0.021454065775498746
-0.04112274125134196,1.0,2.44809627532959,452,0.0,0.10990000000000001,1.0,0.02246020920574665,gin,0.021573065610602498
-0.018936608648361268,0.997002997002997,2.4246885776519775,453,0.0,0.11120000000000002,1.0,0.02202141471207142,gin,0.021612153813242913
-0.006738454250066776,0.8291708291708292,2.3827855587005615,454,0.0,0.1105,1.0,0.02152138575911522,gin,0.021377335561439396
0.04432371272037979,0.000999000999000999,2.306514024734497,455,0.3,0.10710000000000001,0.06993006993006994,0.020700307562947273,gin,0.02166037583909929
-0.025770135605840013,1.0,2.435029983520508,456,0.0,0.11059999999999999,1.0,0.022172389551997185,gin,0.021615358823910354
0.040464773217676595,0.000999000999000999,2.3071606159210205,457,0.4,0.10570000000000002,0.011988011988011988,0.020596317946910858,gin,0.021464889846742153
0.04862031232309431,0.000999000999000999,2.2835116386413574,458,0.0,0.11160000000000002,1.0,0.02050616592168808,gin,0.02155413468182087
-0.01693341626439159,0.989010989010989,2.4197874069213867,459,0.1,0.1081,0.6913086913086913,0.021988537162542343,gin,0.021622396128252147
0.016269412034395497,0.00999000999000999,2.364474296569824,460,0.5,0.11120000000000002,0.000999000999000999,0.02131066843867302,gin,0.02166311457566917
-0.03705889509159199,1.0,2.4322593212127686,461,0.0,0.11470000000000001,1.0,0.02228444255888462,gin,0.021488116696476937
0.01609839476086439,0.005994005994005994,2.358220100402832,462,0.1,0.10980000000000001,0.7082917082917083,0.021167784929275513,gin,0.021514127852395176
0.04816252805634634,0.000999000999000999,2.291256904602051,463,0.2,0.1105,0.31868131868131866,0.020588800311088562,gin,0.02163058391585946
0.04985138887536385,0.000999000999000999,2.2735788822174072,464,0.3,0.108,0.07792207792207792,0.020383885130286217,gin,0.021453365180641414
0.04932160213585841,0.000999000999000999,2.2891345024108887,465,0.4,0.10670000000000002,0.008991008991008992,0.0205976665019989,gin,0.02166628225520253
-0.025469002454743053,1.0,2.4162771701812744,466,0.0,0.10930000000000001,1.0,0.021986965090036392,gin,0.02144088708423078
0.021123234909326355,0.001998001998001998,2.3532352447509766,467,0.4,0.10820000000000002,0.015984015984015984,0.02114710584282875,gin,0.021603440389037134
0.05128564464057669,0.000999000999000999,2.2779030799865723,468,0.3,0.11540000000000002,0.07392607392607392,0.020505866035819054,gin,0.02161437309347093
-0.031184996680971414,1.0,2.4245188236236572,469,0.0,0.10830000000000001,1.0,0.022124158218503,gin,0.021455081570893528
-0.039131287240469055,1.0,2.4374775886535645,470,0.0,0.10490000000000001,1.0,0.022503431886434555,gin,0.021656004551798107
0.023809237146999975,0.001998001998001998,2.337313652038574,471,0.5,0.11400000000000002,0.001998001998001998,0.021062426269054413,gin,0.02157613764703274
-0.03214038130846341,1.0,2.441382646560669,472,0.0,0.10980000000000001,1.0,0.0222571212798357,gin,0.021564044661819933
-0.016956416015715285,0.9920079920079921,2.4199349880218506,473,0.0,0.11030000000000001,1.0,0.02192310057580471,gin,0.021557561593130232
-0.016020572475368363,0.995004995004995,2.416555166244507,474,0.0,0.11040000000000003,1.0,0.021975403651595116,gin,0.021628896350041033
-0.029988397413225596,1.0,2.4391047954559326,475,0.0,0.11210000000000002,1.0,0.0222751684486866,gin,0.021626620750874282
-0.03214525128357923,1.0,2.4278194904327393,476,0.0,0.11480000000000001,1.0,0.02209767885506153,gin,0.021409466184675693
-0.0186408572317795,0.998001998001998,2.412458658218384,477,0.1,0.10920000000000002,0.7012987012987013,0.021889664232730865,gin,0.021489089189097286
-0.034829430674825114,1.0,2.4198191165924072,478,0.0,0.1063,1.0,0.02231062389910221,gin,0.02155971142463386
-0.024278266680174205,1.0,2.4399876594543457,479,0.0,0.11320000000000002,1.0,0.022250888869166374,gin,0.021723480418324472
-0.03699860105757008,1.0,2.4371330738067627,480,0.0,0.11650000000000002,1.0,0.022367460653185844,gin,0.021569422205910085
0.023256539272970278,0.000999000999000999,2.348845958709717,481,0.1,0.11280000000000001,0.7212787212787213,0.021162409335374832,gin,0.021666292313486338
0.001693557793309609,0.41858141858141856,2.3913629055023193,482,0.1,0.11180000000000001,0.7082917082917083,0.02144644223153591,gin,0.021482824636623262
0.023257596850803888,0.000999000999000999,2.354668140411377,483,0.4,0.11180000000000001,0.01898101898101898,0.021055569872260094,gin,0.021556932313367725
-0.030478041842608196,1.0,2.4371583461761475,484,0.0,0.11170000000000002,1.0,0.02218184992671013,gin,0.021525786116719247
-0.004721954024704916,0.7452547452547452,2.4002881050109863,485,0.0,0.1072,1.0,0.021608984097838402,gin,0.02150742701627314
-0.03590460520894576,1.0,2.4429948329925537,486,0.0,0.1129,1.0,0.02243298850953579,gin,0.02165545784495771
0.04683559534366114,0.000999000999000999,2.2805674076080322,487,0.3,0.11150000000000002,0.07492507492507493,0.020579565316438675,gin,0.021590782467275856
-0.014937790304962515,0.991008991008991,2.416482448577881,488,0.0,0.1037,1.0,0.021950796246528625,gin,0.021627725813537835
0.034104893217448126,0.000999000999000999,2.3169491291046143,489,0.3,0.10720000000000002,0.06593406593406594,0.020611146464943886,gin,0.021338907631114127
0.041295770811235984,0.000999000999000999,2.29132342338562,490,0.2,0.11380000000000001,0.3176823176823177,0.020713921636343002,gin,0.02160616486892104
-0.03953666188174175,1.0,2.438358783721924,491,0.0,0.1135,1.0,0.02243182435631752,gin,0.02157867555692792
-0.02612278382077713,1.0,2.4357213973999023,492,0.0,0.10230000000000002,1.0,0.022104987874627113,gin,0.021542244479060172
-0.022583516709362487,0.998001998001998,2.407510280609131,493,0.0,0.11280000000000001,1.0,0.022056614980101585,gin,0.02156949982047081
-0.03171995416369969,1.0,2.4275829792022705,494,0.0,0.10840000000000001,1.0,0.022243747487664223,gin,0.021559869417920707
-0.02570688724791889,0.999000999000999,2.4350786209106445,495,0.0,0.1149,1.0,0.02217566780745983,gin,0.021619887789711356
0.022961502537533783,0.001998001998001998,2.338757038116455,496,0.5,0.1119,0.002997002997002997,0.020998602733016014,gin,0.02149209349229932
-0.029494512351872226,1.0,2.4354968070983887,497,0.0,0.11240000000000001,1.0,0.022259753197431564,gin,0.021622022196650506
0.0426566095136556,0.000999000999000999,2.3088066577911377,498,0.1,0.11,0.7272727272727273,0.0207729022949934,gin,0.021698486145585776
-0.009200799328803402,0.9140859140859141,2.4090383052825928,499,0.0,0.1101,1.0,0.0217286329716444,gin,0.021530534841120243
0.0523712533493601,0.000999000999000999,2.2876739501953125,500,0.5,0.1096,0.002997002997002997,0.020576799288392067,gin,0.021713988058269025
-0.016378229043635995,0.991008991008991,2.4186840057373047,501,0.2,0.1102,0.3046953046953047,0.021907951682806015,gin,0.02155492026172578
0.030639183495123765,0.000999000999000999,2.322129011154175,502,0.3,0.1119,0.07592407592407592,0.020912908017635345,gin,0.02157391516305506
0.0344202623414318,0.000999000999000999,2.3208200931549072,503,0.1,0.11530000000000001,0.7202797202797203,0.020778050646185875,gin,0.02151873101294041
-0.025434471720462485,0.999000999000999,2.4399819374084473,504,0.0,0.11060000000000002,1.0,0.022113589569926262,gin,0.021565092826262115
-0.028015672027281804,1.0,2.4435791969299316,505,0.0,0.11300000000000002,1.0,0.02223345823585987,gin,0.021627547945827247
-0.013326271920839416,0.97002997002997,2.4098808765411377,506,0.0,0.11120000000000002,1.0,0.02190803363919258,gin,0.021619920697063207
0.01731668701457729,0.004995004995004995,2.3441994190216064,507,0.2,0.11100000000000002,0.3046953046953047,0.021192850545048714,gin,0.021566307542845605
0.03810453447896097,0.000999000999000999,2.3042104244232178,508,0.4,0.11470000000000001,0.011988011988011988,0.020791038870811462,gin,0.021614655246958138
-0.046522034492544814,1.0,2.452967643737793,509,0.0,0.112,1.0,0.022678319364786148,gin,0.021670178569853305
0.02512108587255676,0.000999000999000999,2.339139938354492,510,0.0,0.11160000000000002,1.0,0.020880458876490593,gin,0.02141851523704827
-0.04008007201169736,1.0,2.4544589519500732,511,0.0,0.108,1.0,0.022347835823893547,gin,0.02148664936982095
-0.016804240599889938,0.9920079920079921,2.4033660888671875,512,0.0,0.11560000000000001,1.0,0.021871117874979973,gin,0.021509664300829172
-0.033951834951959574,1.0,2.4431345462799072,513,0.0,0.108,1.0,0.022423772141337395,gin,0.021687443634495138
-0.021828487712279188,1.0,2.4141387939453125,514,0.1,0.11160000000000002,0.6963036963036963,0.02188166417181492,gin,0.02141422404535115
0.002518347329055583,0.35264735264735264,2.3752222061157227,515,0.0,0.11520000000000001,1.0,0.021405810490250587,gin,0.021459853855893017
-0.016085083836958766,0.989010989010989,2.4153244495391846,516,0.1,0.11850000000000001,0.7272727272727273,0.021842557936906815,gin,0.021496780421584843
-0.04525173012456214,1.0,2.447939872741699,517,0.0,0.111,1.0,0.02242383174598217,gin,0.021453044371679424
-0.029677165644733057,1.0,2.424724578857422,518,0.0,0.1095,1.0,0.02210639975965023,gin,0.021469253176823258
-0.026400140076133984,1.0,2.444725513458252,519,0.0,0.11420000000000002,1.0,0.022217178717255592,gin,0.021645728453993797
